,Unnamed: 0,RMA,SPEI-6,SPEI-3,SPEI-2,SPEI-1,PDSI,PDSISC,PDSIZ,SPI-6,SPI-3,SPI-2,SPI-1,EDDI-6,EDDI-3,EDDI-2,EDDI-1
0,1,0.7,0.4996,0.4044,0.5128,0.515,0.3674,0.3456,0.3152,0.44980000000000003,0.4022,0.405,0.4318,0.36920000000000003,0.3728,0.3758,0.3916
1,2,0.75,0.5138,0.4202,0.5258,0.528,0.3768,0.3564,0.3232,0.46640000000000004,0.4192,0.42260000000000003,0.448,0.3972,0.39980000000000004,0.40180000000000005,0.41440000000000005
2,3,0.8,0.5282,0.436,0.5388,0.5406,0.3878,0.368,0.331,0.4832,0.436,0.44,0.46380000000000005,0.42460000000000003,0.4262,0.4272,0.4368
3,4,0.85,0.5422,0.4516,0.5518,0.5529999999999999,0.4094,0.3816,0.3388,0.4998,0.45280000000000004,0.4572,0.47940000000000005,0.4514,0.45180000000000003,0.452,0.4586
4,5,0.9,0.5562,0.4668,0.5644,0.5652,0.4256,0.40399999999999997,0.3466,0.5162,0.46940000000000004,0.4742,0.49460000000000004,0.4776,0.47700000000000004,0.4762,0.48040000000000005
