,RMA,SPEI-6,SPEI-3,SPEI-2,SPEI-1,PDSI,PDSISC,PDSIZ
1,0.7,0.8780935588622332,0.8398080146724964,0.889054048848347,0.8944643335902153,0.8499467992392522,0.8400480893090903,0.8759949643021413
2,0.75,0.9031921905977809,0.8724599592554085,0.9113827399035588,0.9165498726912082,0.8727975021995126,0.8683008277387682,0.8974313490105932
3,0.8,0.9279322704513921,0.904676544577215,0.9337114309587705,0.9386354117922012,0.9011125036937484,0.8998497189852418,0.9188677337190451
4,0.85,0.9523137984230671,0.9368931298990215,0.9560401220139823,0.9599847662564944,0.9393625934315756,0.9342238840746833,0.9403041184274968
5,0.9,0.976695326394742,0.968238996698617,0.9776245233673536,0.9809660284024377,0.9800964552303008,0.9704815650594366,0.9617405031359487
