,RMA,SPEI-6,SPEI-3,SPEI-2,SPEI-1,PDSI,PDSISC,PDSIZ
1,0.7,-0.616817131,-0.622193701,-0.626082825,-0.636637671,-1.691369961,-1.488853138,-1.167841095
2,0.75,-0.486880882,-0.492814108,-0.495702609,-0.506833449,-1.417446026,-1.251668494,-0.967282204
3,0.8,-0.35491438,-0.361637575,-0.365322392,-0.377029227,-1.124845459,-1.005533486,-0.76170934
4,0.85,-0.224978131,-0.23405492,-0.237356624,-0.247225005,-0.757538364,-0.732547387,-0.561150449
5,0.9,-0.095041882,-0.106472266,-0.109390856,-0.119658787,0.568502502,-0.365582466,-0.350563613
